systemName;region;route;numWaypoints;midCoords;description;fileroot;(reserved)
boundaries;_boundaries;B0;37;(66.35,20.07);NOR/SWE;b.000;
boundaries;_boundaries;B1;11;(67.30,23.24);SWE/FIN;b.001;
boundaries;_boundaries;B2;24;(64.51,29.85);FIN/RUS;b.002;
boundaries;_boundaries;B3;45;(39.97,-7.26);PRT/ESP;b.003;
boundaries;_boundaries;B4;20;(42.73,0.80);ESP/FRA;b.004;
boundaries;_boundaries;B5;7;(49.78,6.38);LUX/DEU;b.005;
boundaries;_boundaries;B6;28;(51.84,6.49);DEU/NLD,BEL;b.006;
boundaries;_boundaries;B7;21;(50.13,4.52);BEL/FRA,LUX;b.007;
boundaries;_boundaries;B8;15;(51.17,5.02);BEL/NLD;b.008;
boundaries;_boundaries;B9;53;(47.15,7.01);FRA/ITA,CHE,DEU,LUX;b.009;
boundaries;_boundaries;B10;35;(46.78,9.03);CHE/ITA,AUT,LIE,DEU;b.010;
boundaries;_boundaries;B11;65;(50.04,13.24);DEU/AUT,CZE,POL;b.011;
boundaries;_boundaries;B12;38;(47.57,14.82);AUT/ITA,SVN,HUN,SVK,CZE;b.012;
boundaries;_boundaries;B13;69;(50.99,20.29);POL/CZE,SVK,UKR,BLR,LTU,RUS;b.013;
boundaries;_boundaries;B14;34;(47.01,26.71);ROU/UKR,MDA;b.014;
boundaries;_boundaries;B15;35;(44.44,23.82);ROU/SRB,BGR;b.015;
boundaries;_boundaries;B16;19;(41.29,20.30);ALB/MNE,KOS,MKD,GRC;b.016;
boundaries;_boundaries;B17;31;(39.97,45.30);TUR,IRN/GEO,ARM,AZE;b.017;
boundaries;_boundaries;B18;27;(36.74,38.84);TUR/SYR;b.018;
boundaries;_boundaries;B19;13;(13.86,44.94);?part of YEM;b.019;
boundaries;_boundaries;B20;75;(32.01,36.75);ISR,JOR,LEB/EGY,IRQ,SYR;b.020;
boundaries;_boundaries;B21;40;(31.40,35.12);ISR/JOR,PSE,LBN;b.021;
boundaries;_boundaries;B22;61;(32.67,60.29);IRN/TKM,AFG,PAK;b.022;
boundaries;_boundaries;B23;37;(34.90,45.93);IRQ,TUR/IRN;b.023;
boundaries;_boundaries;B24;33;(33.23,43.44);IRQ/SAU,JOR,SYR,TUR;b.024;
boundaries;_boundaries;B25;26;(41.48,24.69);GRC/BGR,MKD;b.025;
boundaries;_boundaries;B26;13;(41.54,26.73);BGR,GRC/TUR;b.026;
boundaries;_boundaries;B27;38;(46.55,19.30);HUN/SVN,HRV,SRB,ROU,UKR;b.027;
boundaries;_boundaries;B28;38;(48.63,18.87);SVK/CZE,AUT,HUN,UKR;b.028;
boundaries;_boundaries;B29;29;(45.82,15.15);SVN/HRV;b.029;
boundaries;_boundaries;B30;80;(34.87,68.58);AFG/PAK,CHN,TJK,UZB,TKM;b.030;
boundaries;_boundaries;B31;52;(29.41,72.58);PAK/IND;b.031;
boundaries;_boundaries;B32;56;(24.24,90.32);BGD/IND,MMR;b.032;
boundaries;_boundaries;B33;21;(28.88,84.59);NPL/CHN;b.033;
boundaries;_boundaries;B34;85;(20.15,98.96);MMR/THA,LAO,CHN;b.034;
boundaries;_boundaries;B35;77;(16.61,102.98);THA/KHM,LAO;b.035;
boundaries;_boundaries;B36;85;(47.31,128.18);CHN/RUS,PRK;b.036;
boundaries;_boundaries;B37;129;(47.63,104.04);MNG/CHN,RUS;b.037;
boundaries;_boundaries;B38;29;(2.36,113.86);BRN/IDN;b.038;
boundaries;_boundaries;B39;51;(12.92,106.40);KHM/LAO,VNM;b.039;
boundaries;_boundaries;B40;94;(20.20,105.04);VNM/LAO,CHN;b.040;
boundaries;_boundaries;B41;137;(28.78,87.31);CHN,THA/PAK,IND;b.041;
boundaries;_boundaries;B42;58;(54.87,9.21);DNK/DEU;b.042;
boundaries;_boundaries;B43;33;(44.73,17.62);HRV/BIH,SRB;b.043;
boundaries;_boundaries;B44;19;(42.19,21.50);SRB/MKD;b.044;
boundaries;_boundaries;B45;38;(43.81,19.03);BIH/MNE,SRB;b.045;
boundaries;_boundaries;B46;51;(56.39,25.49);LVA/BLR,RUS;b.046;
boundaries;_boundaries;B47;38;(54.58,25.63);LTU/BLR;b.047;
boundaries;_boundaries;B48;18;(54.97,22.08);LTU/RUS;b.048;
boundaries;_boundaries;B49;39;(58.10,26.66);EST/RUS,LVA;b.049;
boundaries;_boundaries;B50;131;(53.03,29.53);BLR/RUS,UKR;b.050;
boundaries;_boundaries;B51;64;(49.63,37.31);UKR/RUS;b.051;
boundaries;_boundaries;B52;103;(47.22,28.72);MDA/UKR;b.052;
boundaries;_boundaries;B53;248;(50.99,63.76);KAZ/RUS;b.053;
boundaries;_boundaries;B54;103;(39.87,46.84);subr of AZE;b.054;
boundaries;_boundaries;B55;100;(41.80,73.31);KGZ/KAZ;b.055;
boundaries;_boundaries;B56;72;(42.83,43.52);GEO/RUS;b.056;
boundaries;_boundaries;B57;52;(42.74,64.45);UZB/KAZ;b.057;
boundaries;_boundaries;B58;66;(40.90,59.57);UZB/TKM;b.058;
boundaries;_boundaries;B59;113;(39.68,69.79);TJK/UZB,KGZ;b.059;
boundaries;_boundaries;B60;71;(41.44,46.80);AZE/GEO,RUS;b.060;
boundaries;_boundaries;B61;66;(39.41,45.66);AZE/ARM;b.061;
boundaries;_boundaries;B62;19;(40.63,45.54);ARM/AZE;b.062;
boundaries;_boundaries;B63;14;(41.05,45.02);ARM/AZE;b.063;
boundaries;_boundaries;B64;10;(40.98,45.22);ARM/AZE;b.064;
boundaries;_boundaries;B65;161;(40.38,45.53);ARM/GEO,AZE;b.065;
boundaries;_boundaries;B66;16;(11.39,42.86);DJI/ERI,ETH,SOM;b.066;
boundaries;_boundaries;B67;73;(2.87,42.03);SOM/KEN,ETH;b.067;
boundaries;_boundaries;B68;43;(0.99,36.51);KEN/TZA,UGA,SDN,ETH,SOM;b.068;
boundaries;_boundaries;B69;39;(10.90,35.32);SDN/ETH,ERI;b.069;
boundaries;_boundaries;B70;85;(12.54,26.96);SDN/EGY,LBY,TCD,CAF,COD,UGA;b.070;
boundaries;_boundaries;B71;84;(5.68,19.17);CAF/TCD,CMR,COG,COD;b.071;
boundaries;_boundaries;B72;28;(13.47,15.01);TCD/NER,NGA,CMR;b.072;
boundaries;_boundaries;B73;34;(8.39,11.85);NGA/CMR;b.073;
boundaries;_boundaries;B74;35;(11.44,6.60);NGA/BEN,NER;b.074;
boundaries;_boundaries;B75;21;(10.22,1.90);BEN/BFA,NER;b.075;
boundaries;_boundaries;B76;119;(15.19,-5.77);MLI/DZA,NER,BFA,CIV,GIN,SEN,MRT;b.076;
boundaries;_boundaries;B77;30;(31.00,-4.81);MAR/ESH,DZA;b.077;
boundaries;_boundaries;B78;14;(24.06,-12.36);ESH/MAR,DZA;b.078;
boundaries;_boundaries;B79;21;(8.85,-2.36);CIV,BFA/GHA,TGO;b.079;
boundaries;_boundaries;B80;38;(7.78,-9.86);SLE,LBR/GIN,CIV;b.080;
boundaries;_boundaries;B81;19;(8.80,0.45);GHA/TGO;b.081;
boundaries;_boundaries;B82;10;(2.23,11.62);CMR/GNQ,GAB;b.082;
boundaries;_boundaries;B83;7;(1.24,10.48);GNQ/GAB;b.083;
boundaries;_boundaries;B84;48;(-0.19,13.75);CMR,GAB/COG;b.084;
boundaries;_boundaries;B85;86;(-6.83,28.59);COD/ZMB,TZA,BDI,RWA,UGA;b.085;
boundaries;_boundaries;B86;44;(-1.76,16.01);COG,CFA/COD;b.086;
boundaries;_boundaries;B87;59;(-18.98,29.73);ZWE/BWA,ZMB,MOZ,ZAF;b.087;
boundaries;_boundaries;B88;78;(-11.34,19.08);AGO/NAM,ZMB,COD;b.088;
boundaries;_boundaries;B89;49;(-13.83,35.17);MOZ/ZMB,MWI,TZA;b.089;
boundaries;_boundaries;B90;22;(-18.96,22.87);NAM/BWA,ZMB,AGO;b.090;
boundaries;_boundaries;B91;59;(-25.66,24.32);ZAF/NAM,BWA,ZWE,MOZ;b.091;
boundaries;_boundaries;B92;20;(-9.54,33.07);TZA/ZMB,MOZ;b.092;
boundaries;_boundaries;B93;26;(-1.66,30.31);RWA,UGA/KEN,BDI;b.093;
boundaries;_boundaries;B94;13;(-3.44,30.01);BDI/RWA,TZA;b.094;
boundaries;_boundaries;B95;13;(13.45,-15.03);GMB/SEN;b.095;
boundaries;_boundaries;B96;18;(-29.56,28.11);LSO/ZFA;b.096;
boundaries;_boundaries;B97;66;(12.30,-13.80);GIN/GNB;b.097;
boundaries;_boundaries;B98;22;(59.08,-134.90);CAN/USA-AK;b.098;
boundaries;_boundaries;B99;16;(17.15,-88.84);BLZ/MEX,GTM;b.099;
boundaries;_boundaries;B100;33;(16.57,-90.97);GTM/MEX;b.100;
boundaries;_boundaries;B101;14;(13.99,-89.07);SLV/GTM,HND;b.101;
boundaries;_boundaries;B102;34;(14.15,-85.41);HND/NIC;b.102;
boundaries;_boundaries;B103;12;(14.82,-89.14);GTM/HND;b.103;
boundaries;_boundaries;B104;35;(11.44,6.60);NGA/NER,BEN;b.104;
boundaries;_boundaries;B105;14;(8.92,-82.85);CRI/PAN;b.105;
boundaries;_boundaries;B106;9;(9.05,-79.88);PAN/canal;b.106;
boundaries;_boundaries;B107;7;(9.17,-79.59);canal/PAN;b.107;
boundaries;_boundaries;B108;42;(-2.08,-77.84);ECU/COL,PER;b.108;
boundaries;_boundaries;B109;82;(-7.98,-71.28);PER/COL,BRA,BOL;b.109;
boundaries;_boundaries;B110;64;(4.14,-69.58);COL/VEN,BRA;b.110;
boundaries;_boundaries;B111;44;(4.34,-62.81);VEN/BRA,GUY;b.111;
boundaries;_boundaries;B112;41;(3.24,-58.61);GUY/BRA,GUF;b.112;
boundaries;_boundaries;B113;108;(-37.04,-70.62);CHL/ARG,BOL;b.113;
boundaries;_boundaries;B114;62;(-24.25,-57.38);PRY/BRA,ARG;b.114;
boundaries;_boundaries;B115;7;(18.86,-71.77);HTI/DOM;b.115;
boundaries;_boundaries;B116;57;(-13.51,-63.10);BOL/BRA,PRY;b.116;
boundaries;_boundaries;B117;19;(-22.01,-64.28);BOL/PRY,ARG;b.117;
boundaries;_boundaries;B118;11;(54.48,-7.31);IRL/GBR;b.118;
boundaries;_boundaries;B119;7;(45.99,13.65);ITA/SVN;b.119;
boundaries;_boundaries;B120;13;(42.83,22.67);SRB/BGR;b.120;
boundaries;_boundaries;B121;5;(-8.15,141.01);IDN/PNG;b.121;
boundaries;_boundaries;B122;3;(-6.64,140.96);IDN/PNG;b.122;
boundaries;_boundaries;B123;7;(-4.60,141.01);IDN/PNG;b.123;
boundaries;_boundaries;B124;4;(4.69,115.16);MYS/BRN;b.124;
boundaries;_boundaries;B125;6;(4.53,114.69);MYS/BRN;b.125;
boundaries;_boundaries;B126;5;(38.30,127.62);PRK/KOR;b.126;
boundaries;_boundaries;B127;43;(43.97,80.52);CHN/KAZ,KGZ,TJK;b.127;
boundaries;_boundaries;B128;7;(38.18,74.50);CHN/TJK;b.128;
boundaries;_boundaries;B129;7;(34.32,78.60);CHN/IND;b.129;
boundaries;_boundaries;B130;13;(21.80,101.68);CHN/LAO;b.130;
boundaries;_boundaries;B131;3;(22.35,114.15);hong kong;b.131;
boundaries;_boundaries;B132;9;(6.16,101.15);MYS/THA;b.132;
boundaries;_boundaries;B133;8;(27.91,90.29);BTN/CHN;b.133;
boundaries;_boundaries;B134;4;(29.25,45.50);SAU/IRQ;b.134;
boundaries;_boundaries;B135;5;(28.86,47.33);KWY/SAU;b.135;
boundaries;_boundaries;B136;3;(25.79,56.18);ARE/OMN;b.136;
boundaries;_boundaries;B137;7;(17.05,43.47);YEM/SAU;b.137;
boundaries;_boundaries;B138;4;(17.64,52.55);YEM/OMN;b.138;
boundaries;_boundaries;B139;15;(-11.75,33.20);MWI/ZMB;b.139;
boundaries;_boundaries;B140;3;(-5.52,12.40);COD/AGO;b.140;
boundaries;_boundaries;B141;3;(-4.88,12.75);COD/COG;b.141;
boundaries;_boundaries;B142;6;(1.28,10.66);GNQ/GAB;b.142;
boundaries;_boundaries;B143;5;(22.45,10.14);DZA/NER;b.143;
boundaries;_boundaries;B144;8;(13.34,1.23);NER/BFA;b.144;
boundaries;_boundaries;B145;3;(19.89,5.92);DZA/NER;b.145;
boundaries;_boundaries;B146;7;(9.98,-4.87);BFA/CIV;b.146;
boundaries;_boundaries;B147;6;(9.72,-3.54);BFA/CIV;b.147;
boundaries;_boundaries;B148;3;(8.17,-10.40);LBR/SLE;b.148;
boundaries;_boundaries;B149;4;(7.33,-11.10);LBR/SLE;b.149;
boundaries;_boundaries;B150;5;(7.94,-8.27);GIN/CIV;b.150;
boundaries;_boundaries;B151;3;(8.42,-7.91);GIN/CIV;b.151;
boundaries;_boundaries;B152;5;(8.95,-7.86);GIN/CIV;b.152;
boundaries;_boundaries;B153;3;(9.82,-8.14);GIN/CIV;b.153;
boundaries;_boundaries;B154;9;(12.45,-13.79);SEN/GNB,GIN;b.154;
boundaries;_boundaries;B155;3;(14.95,-12.43);SEN/MRT;b.155;
boundaries;_boundaries;B156;13;(16.11,-14.43);SEN/MRT;b.156;
boundaries;_boundaries;B157;13;(34.50,8.39);TUN/DZA;b.157;
boundaries;_boundaries;B158;8;(31.66,10.61);TUN/LBY;b.158;
boundaries;_boundaries;B159;15;(25.84,12.11);LBY/DZA,TCD;b.159;
boundaries;_boundaries;B160;5;(20.88,21.35);LBY/TCD;b.160;
boundaries;_boundaries;B161;11;(27.78,24.96);EGY/LBY;b.161;
boundaries;_boundaries;B162;6;(4.36,-54.25);SUR/GUF;b.162;
boundaries;_boundaries;B163;4;(2.94,-54.23);SUR/GUF;b.163;
boundaries;_boundaries;B164;7;(3.09,-52.36);GUF/BRA;b.164;
boundaries;_boundaries;B165;12;(2.27,-54.84);BRA/GUF,SUR;b.165;
boundaries;_boundaries;B166;5;(-26.41,-53.80);BRA/ARG;b.166;
boundaries;_boundaries;B167;4;(-25.58,-54.34);BRA/ARG;b.167;
boundaries;_boundaries;B168;15;(-31.60,-55.02);URY/BRA;b.168;
boundaries;_boundaries;B169;5;(-33.41,-58.29);URY/ARG;b.169;
boundaries;_boundaries;B170;18;(-29.41,-56.39);ARG/BRA,URY;b.170;
boundaries;_boundaries;B171;3;(-55.09,-66.68);ARG/CHL;b.171;
boundaries;_boundaries;B172;3;(-55.29,-66.99);ARG/CHL ?;b.172;
boundaries;_boundaries;B173;3;(-54.90,-67.81);ARG/CHL;b.173;
boundaries;_boundaries;B174;5;(-53.92,-68.63);ARG/CHL;b.174;
boundaries;_boundaries;B175;11;(7.87,-77.51);COL/PAN;b.175;
boundaries;_boundaries;B176;6;(10.87,-83.95);NIC/CRI;b.176;
boundaries;_boundaries;B177;5;(11.05,-85.05);NIC/CRI;b.177;
boundaries;_boundaries;B178;4;(18.50,-71.82);DOM/HTI;b.178;
boundaries;_boundaries;B179;3;(19.35,-71.71);DOM/HTI;b.179;
boundaries;_boundaries;B180;400;(29.30,-103.51);USA/MEX;b.180;
boundaries;_boundaries;B181;400;(46.39,-85.99);CAN/USA;b.181;
boundaries;_boundaries;B182;97;(-77.33,-134.51);ATA/SOU;b.182;
boundaries;_boundaries;B183;97;(-69.76,-77.22);ATA/SOU;b.183;
boundaries;_boundaries;B184;96;(-72.56,-37.20);ATA/SOU;b.184;
boundaries;_boundaries;B185;77;(-68.68,40.19);ATA/SOU;b.185;
boundaries;_boundaries;B186;77;(-67.09,103.80);ATA/SOU;b.186;
boundaries;_boundaries;B187;75;(-72.99,159.39);ATA/SOU;b.187;
boundaries;_boundaries;B188;6;(-77.44,167.56);ATA/SOU;b.188;
boundaries;_boundaries;B189;10;(-79.32,-162.23);ATA/SOU;b.189;
boundaries;_boundaries;B190;5;(-76.50,-148.84);ATA/SOU;b.190;
boundaries;_boundaries;B191;27;(-70.99,-71.88);ATA/SOU;b.191;
boundaries;_boundaries;B192;9;(-70.27,-74.96);ATA/SOU;b.192;
boundaries;_boundaries;B193;8;(-64.49,-63.27);ATA/SOU;b.193;
boundaries;_boundaries;B194;5;(-63.28,-55.97);ATA/SOU;b.194;
boundaries;_boundaries;B195;9;(-62.39,-59.61);ATA/SOU;b.195;
boundaries;_boundaries;B196;4;(-60.57,-45.92);SOU/some island;b.196;
boundaries;_boundaries;B197;99;(-19.27,-74.83);PAC/PRU,CHL;b.197;
boundaries;_boundaries;B198;99;(-48.38,-72.56);PAC,ATL/CHL,ARG;b.198;
boundaries;_boundaries;B199;99;(-34.65,-55.93);ATL/ARG,URY,BRA;b.199;
boundaries;_boundaries;B200;99;(-4.61,-44.17);ATL/BRA,GUF,SUR,GUY;b.200;
boundaries;_boundaries;B201;99;(10.34,-71.92);ATL,Car/GUY,VEN,COL,PAN,CRI,NIC;b.201;
boundaries;_boundaries;B202;99;(22.78,-91.76);Car,GOM/HND,GTM,BLZ,MEX,USA;b.202;
boundaries;_boundaries;B203;99;(33.12,-79.76);GOM,ATL/USA;b.203;
boundaries;_boundaries;B204;99;(45.62,-66.97);ATL/USA,CAN;b.204;
boundaries;_boundaries;B205;99;(56.48,-69.66);ATL,Hudson Bay/CAN;b.205;
boundaries;_boundaries;B206;99;(65.86,-90.06);Husdon Bay,ARC/CAN;b.206;
boundaries;_boundaries;B207;99;(68.55,-135.80);ARC/CAN,USA;b.207;
boundaries;_boundaries;B208;99;(58.99,-153.11);PAC/USA,CAN;b.208;
boundaries;_boundaries;B209;99;(47.84,-126.60);PAC/CAN,USA;b.209;
boundaries;_boundaries;B210;99;(27.51,-112.25);PAC/USA,MEX;b.210;
boundaries;_boundaries;B211;94;(10.79,-87.20);PAC/MEX,GTM,HND,SLV,NIC,CRI,PAN,COL,ECU;b.211;
boundaries;_boundaries;B212;26;(65.98,-121.15);CAN/Great Bear Lake;b.212;
boundaries;_boundaries;B213;28;(61.88,-113.33);CAN/Great Slave Lake;b.213;
boundaries;_boundaries;B214;13;(59.13,-109.54);Lake Athabasca/CAN;b.214;
boundaries;_boundaries;B215;11;(57.12,-102.45);CAN/Reindeer Lake;b.215;
boundaries;_boundaries;B216;21;(52.19,-97.68);CAN/Lake Winnipeg;b.216;
boundaries;_boundaries;B217;23;(51.79,-99.55);CAN/Lake Manitoba;b.217;
boundaries;_boundaries;B218;34;(47.33,-88.06);CAN,USA/Lake Superior;b.218;
boundaries;_boundaries;B219;55;(44.50,-84.66);CAN,USA/Lake Michigan,Lake Huron;b.219;
boundaries;_boundaries;B220;6;(45.76,-82.43);Lake Huron/CAN-Manitoulin Island;b.220;
boundaries;_boundaries;B221;18;(42.18,-81.29);CAN,USA/Lake Erie;b.221;
boundaries;_boundaries;B222;16;(43.64,-77.86);CAN,USA/Lake Ontario;b.222;
boundaries;_boundaries;B223;8;(-0.50,-91.26);PAC/ECU-Galapagos Isl.;b.223;
boundaries;_boundaries;B224;10;(-42.54,-73.83);PAC/CHL-? Isl.;b.224;
boundaries;_boundaries;B225;51;(-53.99,-70.07);CHL,ARG/PAC,ATL;b.225;
boundaries;_boundaries;B226;16;(-51.83,-59.56);ATL/FLK;b.226;
boundaries;_boundaries;B227;8;(-54.33,-36.86);SGS/ATL;b.227;
boundaries;_boundaries;B228;8;(10.30,-61.45);TTO/Car;b.228;
boundaries;_boundaries;B229;2;(12.21,-68.97);ANT/Car;b.229;
boundaries;_boundaries;B230;13;(18.11,-77.38);JAM/Car;b.230;
boundaries;_boundaries;B231;8;(21.67,-82.87);CYM-Juventud/Car;b.231;
boundaries;_boundaries;B232;57;(21.57,-79.40);CUB/Car;b.232;
boundaries;_boundaries;B233;38;(18.75,-71.66);HTI,DOM/Car,ATL;b.233;
boundaries;_boundaries;B234;9;(18.19,-66.53);USA-PR/Car,ATL;b.234;
boundaries;_boundaries;B235;7;(16.19,-61.63);GLP/Car,ATL;b.235;
boundaries;_boundaries;B236;2;(14.65,-61.00);FRA-MTQ/Car,ATL;b.236;
boundaries;_boundaries;B237;10;(24.58,-77.97);ATL/BHS-Andros;b.237;
boundaries;_boundaries;B238;6;(21.06,-73.36);ATL/BHS-Great Inagua;b.238;
boundaries;_boundaries;B239;5;(26.60,-78.33);ATL/BHS-Grand Bahama;b.239;
boundaries;_boundaries;B240;3;(26.44,-77.32);ATL/BHS-Abaco;b.240;
boundaries;_boundaries;B241;3;(25.10,-76.33);ATL/BHS-Eleuthera;b.241;
boundaries;_boundaries;B242;2;(24.42,-75.49);ATL/BHS-Cat;b.242;
boundaries;_boundaries;B243;2;(23.27,-75.07);ATL/BHS-Long;b.243;
boundaries;_boundaries;B244;3;(22.53,-74.12);ATL/BHS-Crooked,Acklins;b.244;
boundaries;_boundaries;B245;2;(22.38,-72.93);ATL/BHS-Mayaguna;b.245;
boundaries;_boundaries;B246;3;(21.75,-72.01);Car/TCA;b.246;
boundaries;_boundaries;B247;2;(24.61,-81.56);Gulf of Mexico/USA-FL-Keys;b.247;
boundaries;_boundaries;B248;3;(35.30,-75.67);ATL/USA-NC-Cape Hatteras;b.248;
boundaries;_boundaries;B249;9;(40.83,-73.16);ATL/USA-NY-Long Island;b.249;
boundaries;_boundaries;B250;11;(49.50,-63.11);Gulf of St. Lawrence/CAN-QC-Anticosti;b.250;
boundaries;_boundaries;B251;11;(46.45,-63.34);Gulf of St. Lawrence/CAN-PEI;b.251;
boundaries;_boundaries;B252;7;(62.48,-82.85);Hudson Bay/CAN-NU-?;b.252;
boundaries;_boundaries;B253;6;(62.03,-79.78);Hudson Bay/CAN-NU-?;b.253;
boundaries;_boundaries;B254;9;(56.17,-79.49);Hudson Bay/CAN-NU-?;b.254;
boundaries;_boundaries;B255;6;(52.96,-81.43);Hudson Bay/CAN-NU-Akimiski;b.255;
boundaries;_boundaries;B256;51;(48.59,-55.62);ATL/CAN-NL;b.256;
boundaries;_boundaries;B257;21;(64.29,-84.21);Hudson Bay/CAN-NU-Insula Southampton;b.257;
boundaries;_boundaries;B258;8;(67.71,-76.08);Hudson Bay/CAN-NU-Prince Charles;b.258;
boundaries;_boundaries;B259;58;(65.84,-73.90);CAN-NU/Hudson Strait;b.259;
boundaries;_boundaries;B260;56;(70.66,-75.86);CAN-NU/ATL;b.260;
boundaries;_boundaries;B261;11;(73.36,-78.77);CAN-NU-Bylot/Baffin Bay;b.261;
boundaries;_boundaries;B262;7;(75.11,-95.17);CAN-NU-Cornwallis/ARC;b.262;
boundaries;_boundaries;B263;29;(75.68,-88.78);CAN/ARC;b.263;
boundaries;_boundaries;B264;21;(79.75,-91.01);CAN/ARC;b.264;
boundaries;_boundaries;B265;62;(79.83,-79.55);CAN/ARC;b.265;
boundaries;_boundaries;B266;4;(79.93,-98.88);CAN/ARC;b.266;
boundaries;_boundaries;B267;24;(78.58,-101.11);CAN/ARC;b.267;
boundaries;_boundaries;B268;7;(77.62,-94.60);CAN/ARC;b.268;
boundaries;_boundaries;B269;6;(77.46,-105.00);CAN/ARC;b.269;
boundaries;_boundaries;B270;17;(76.06,-101.60);CAN/ARC;b.270;
boundaries;_boundaries;B271;4;(75.21,-104.33);CAN/ARC;b.271;
boundaries;_boundaries;B272;20;(72.87,-99.71);CAN/ARC;b.272;
boundaries;_boundaries;B273;8;(78.33,-111.59);CAN/ARC;b.273;
boundaries;_boundaries;B274;5;(77.87,-114.83);CAN/ARC;b.274;
boundaries;_boundaries;B275;8;(77.72,-111.96);CAN/ARC;b.275;
boundaries;_boundaries;B276;6;(75.74,-118.71);CAN/ARC;b.276;
boundaries;_boundaries;B277;17;(76.64,-119.81);CAN/ARC;b.277;
boundaries;_boundaries;B278;31;(75.54,-111.86);CAN/ARC;b.278;
boundaries;_boundaries;B279;50;(71.11,-110.42);CAN/ARC;b.279;
boundaries;_boundaries;B280;20;(72.90,-121.12);CAN/ARC;b.280;
boundaries;_boundaries;B281;2;(54.96,166.25);RUS-Beringa/PAC;b.281;
boundaries;_boundaries;B282;5;(52.88,172.82);USA-AK-Attu/PAC;b.282;
boundaries;_boundaries;B283;3;(51.76,-178.05);USA-AK/PAC;b.283;
boundaries;_boundaries;B284;4;(51.75,-176.73);USA-AK-Adak/PAC;b.284;
boundaries;_boundaries;B285;3;(52.22,-174.44);USA-AK-Atka/PAC;b.285;
boundaries;_boundaries;B286;6;(53.18,-168.53);USA-AK/PAC;b.286;
boundaries;_boundaries;B287;7;(53.65,-167.07);USA-AK-Unalaska/PAC;b.287;
boundaries;_boundaries;B288;8;(63.45,-170.62);USA-AK/PAC;b.288;
boundaries;_boundaries;B289;8;(60.11,-166.46);USA-AK/PAC;b.289;
boundaries;_boundaries;B290;12;(57.60,-153.31);USA-AK-Kodiak/PAC;b.290;
boundaries;_boundaries;B291;13;(53.27,-132.12);CAN-BC-Queen Charlotte/PAC;b.291;
boundaries;_boundaries;B292;20;(49.60,-125.84);CAN-BC-Vancouver/PAC;b.292;
boundaries;_boundaries;B293;94;(68.96,-48.80);GRL/ATL;b.293;
boundaries;_boundaries;B294;93;(78.18,-30.93);GRL/ATL,ARC;b.294;
boundaries;_boundaries;B295;37;(65.31,-19.87);ISL/ATL;b.295;
boundaries;_boundaries;B296;2;(71.00,-8.50);;b.296;
boundaries;_boundaries;B297;4;(75.21,-18.60);GRL/Greenland Sea;b.297;
boundaries;_boundaries;B298;96;(-20.14,15.36);ATL/ZFA,NAM,AGO,COD,COG,GAB;b.298;
boundaries;_boundaries;B299;96;(-14.93,37.69);Indian/ZFA,MOZ,TZA,KEN,SOM;b.299;
boundaries;_boundaries;B300;96;(18.38,40.42);Red Sea,Indian/SOM,DJI,ETH,ERI,SDN,EGY,SAU;b.300;
boundaries;_boundaries;B301;96;(19.33,49.23);Red Sea,Indian/SAU,TEM,OMN,ARE;b.301;
boundaries;_boundaries;B302;96;(25.27,59.15);Indian/ARE,SAU,QAT,KWT,IRN,PAK,IND;b.302;
boundaries;_boundaries;B303;96;(16.42,83.31);Indian/IND,BGD,MMR;b.303;
boundaries;_boundaries;B304;96;(9.24,101.33);Indian/MMR,THA,MYS,KHM,VNM;b.304;
boundaries;_boundaries;B305;96;(24.09,114.88);PAC/VNM,CHN,HKG;b.305;
boundaries;_boundaries;B306;96;(38.84,125.03);PAC/CHN,PRK,KOR,RUS;b.306;
boundaries;_boundaries;B307;96;(56.22,146.29);PAC/RUS;b.307;
boundaries;_boundaries;B308;90;(58.30,164.70);PAC/RUS;b.308;
boundaries;_boundaries;B309;30;(66.15,-175.58);PAC,ARC/RUS;b.309;
boundaries;_boundaries;B310;94;(71.66,141.89);ARC/RUS;b.310;
boundaries;_boundaries;B311;94;(72.67,85.68);ARC/RUS;b.311;
boundaries;_boundaries;B312;94;(68.22,52.71);ARC/RUS;b.312;
boundaries;_boundaries;B313;94;(65.95,19.49);ARC/RUS,FIN,NOR,SWE;b.313;
boundaries;_boundaries;B314;94;(59.84,20.89);Baltic Sea/SWE,FIN,RUS,EST,LVA,LTU,POL;b.314;
boundaries;_boundaries;B315;94;(52.09,5.46);Baltic,ATL/POL,DEU,DNK,NLD,BEL,FRA;b.315;
boundaries;_boundaries;B316;94;(40.66,1.31);ATL,Mediterranean/FRA,ESP,PRT,ITA;b.316;
boundaries;_boundaries;B317;94;(41.26,19.05);Mediterranean/ITA,SVN,KRV,BIH,MNE,ALB,GRC;b.317;
boundaries;_boundaries;B318;94;(34.64,28.09);Mediterranean/GRC,TUR,SYR,LBN,ISR,PSE,EGY,LBY;b.318;
boundaries;_boundaries;B319;94;(32.31,-1.41);Mediterranean,ATL/LBY,TUN,MAR,ESH,MRT;b.319;
boundaries;_boundaries;B320;86;(7.98,-5.21);ATL/MRT,SEN,GMB,GNB,GIN,SLE,LBR,CIV,GHA,TGO,BEN,NGA,CMR,GAB;b.320;
boundaries;_boundaries;B321;15;(13.46,14.02);Lac Tchad/TCD,NER,NGA;b.321;
boundaries;_boundaries;B322;20;(-1.28,32.83);Lake Victoria/UGA,TZA;b.322;
boundaries;_boundaries;B323;23;(-6.21,29.92);BDI,COD,ZMB,TZA/Lake Tanganyika;b.323;
boundaries;_boundaries;B324;22;(-12.20,34.56);MWI,TZA,MOZ/Lake Malawi;b.324;
boundaries;_boundaries;B325;72;(43.39,34.20);Black Sea/TUR,BGR,ROU,MDA,UKR,RUS,GEO;b.325;
boundaries;_boundaries;B326;22;(46.26,36.83);Sea of Azov/UKR,RUS;b.326;
boundaries;_boundaries;B327;84;(42.29,51.03);;b.327;
boundaries;_boundaries;B328;27;(45.22,59.98);;b.328;
boundaries;_boundaries;B329;24;(46.28,75.93);;b.329;
boundaries;_boundaries;B330;27;(53.25,107.25);;b.330;
boundaries;_boundaries;B331;15;(60.78,31.38);;b.331;
boundaries;_boundaries;B332;17;(61.86,35.36);;b.332;
boundaries;_boundaries;B333;68;(-18.92,46.91);;b.333;
boundaries;_boundaries;B334;6;(-21.12,55.47);;b.334;
boundaries;_boundaries;B335;5;(-20.33,57.53);;b.335;
boundaries;_boundaries;B336;7;(12.44,53.83);;b.336;
boundaries;_boundaries;B337;13;(-49.21,69.54);;b.337;
boundaries;_boundaries;B338;3;(12.58,92.81);;b.338;
boundaries;_boundaries;B339;2;(2.59,96.21);;b.339;
boundaries;_boundaries;B340;6;(1.12,97.60);;b.340;
boundaries;_boundaries;B341;6;(-1.31,98.97);;b.341;
boundaries;_boundaries;B342;19;(7.80,80.57);;b.342;
boundaries;_boundaries;B343;15;(19.23,109.75);;b.343;
boundaries;_boundaries;B344;16;(23.71,120.97);;b.344;
boundaries;_boundaries;B345;21;(32.70,130.64);;b.345;
boundaries;_boundaries;B346;16;(33.59,133.38);;b.346;
boundaries;_boundaries;B347;79;(36.69,137.50);;b.347;
boundaries;_boundaries;B348;43;(43.20,142.21);;b.348;
boundaries;_boundaries;B349;4;(26.48,128.00);;b.349;
boundaries;_boundaries;B350;2;(28.30,129.50);;b.350;
boundaries;_boundaries;B351;3;(44.08,145.83);;b.351;
boundaries;_boundaries;B352;8;(44.97,147.75);;b.352;
boundaries;_boundaries;B353;5;(45.88,149.87);;b.353;
boundaries;_boundaries;B354;2;(47.00,151.96);;b.354;
boundaries;_boundaries;B355;7;(50.34,155.60);;b.355;
boundaries;_boundaries;B356;5;(54.88,137.53);;b.356;
boundaries;_boundaries;B357;5;(58.82,163.80);;b.357;
boundaries;_boundaries;B358;47;(49.93,142.63);;b.358;
boundaries;_boundaries;B359;4;(71.12,179.38);;b.359;
boundaries;_boundaries;B360;5;(71.23,-178.97);;b.360;
boundaries;_boundaries;B361;7;(73.52,141.86);;b.361;
boundaries;_boundaries;B362;5;(74.13,140.53);;b.362;
boundaries;_boundaries;B363;8;(75.21,148.45);;b.363;
boundaries;_boundaries;B364;16;(75.40,141.11);;b.364;
boundaries;_boundaries;B365;11;(78.58,101.89);;b.365;
boundaries;_boundaries;B366;18;(79.94,95.91);;b.366;
boundaries;_boundaries;B367;40;(73.87,58.33);;b.367;
boundaries;_boundaries;B368;6;(69.08,49.25);;b.368;
boundaries;_boundaries;B369;15;(80.63,60.68);;b.369;
boundaries;_boundaries;B370;10;(81.06,56.62);;b.370;
boundaries;_boundaries;B371;4;(80.32,53.83);;b.371;
boundaries;_boundaries;B372;13;(80.49,47.81);;b.372;
boundaries;_boundaries;B373;39;(78.83,18.88);;b.373;
boundaries;_boundaries;B374;5;(62.17,-7.07);;b.374;
boundaries;_boundaries;B375;3;(60.22,-1.35);;b.375;
boundaries;_boundaries;B376;2;(59.05,-3.00);;b.376;
boundaries;_boundaries;B377;6;(57.94,-6.85);;b.377;
boundaries;_boundaries;B378;6;(55.33,10.22);;b.378;
boundaries;_boundaries;B379;9;(55.58,11.84);;b.379;
boundaries;_boundaries;B380;6;(54.78,11.47);;b.380;
boundaries;_boundaries;B381;7;(57.54,18.50);;b.381;
boundaries;_boundaries;B382;6;(58.36,22.33);;b.382;
boundaries;_boundaries;B383;5;(58.88,22.52);;b.383;
boundaries;_boundaries;B384;89;(54.03,-3.10);;b.384;
boundaries;_boundaries;B385;30;(53.40,-8.22);;b.385;
boundaries;_boundaries;B386;10;(42.23,9.06);;b.386;
boundaries;_boundaries;B387;16;(40.15,8.89);;b.387;
boundaries;_boundaries;B388;17;(37.61,14.02);;b.388;
boundaries;_boundaries;B389;16;(37.31,22.13);;b.389;
boundaries;_boundaries;B390;15;(35.21,24.78);;b.390;
boundaries;_boundaries;B391;13;(35.05,33.28);;b.391;
boundaries;_boundaries;B392;6;(39.59,2.78);;b.392;
boundaries;_boundaries;B393;5;(36.15,27.88);;b.393;
boundaries;_boundaries;B394;3;(39.19,26.17);;b.394;
boundaries;_boundaries;B395;2;(38.38,26.00);;b.395;
boundaries;_boundaries;B396;2;(38.49,-28.42);;b.396;
boundaries;_boundaries;B397;2;(37.80,-25.50);;b.397;
boundaries;_boundaries;B398;6;(28.30,-16.54);;b.398;
boundaries;_boundaries;B399;6;(27.97,-15.61);;b.399;
boundaries;_boundaries;B400;9;(28.62,-13.87);;b.400;
boundaries;_boundaries;B401;5;(3.45,8.67);;b.401;
boundaries;_boundaries;B402;98;(-35.05,134.52);;b.402;
boundaries;_boundaries;B403;98;(-20.23,145.61);;b.403;
boundaries;_boundaries;B404;97;(-20.12,121.76);;b.404;
boundaries;_boundaries;B405;8;(-11.65,130.72);;b.405;
boundaries;_boundaries;B406;7;(-35.93,137.13);;b.406;
boundaries;_boundaries;B407;23;(-41.98,146.60);;b.407;
boundaries;_boundaries;B408;53;(-38.04,175.45);;b.408;
boundaries;_boundaries;B409;46;(-43.74,170.75);;b.409;
boundaries;_boundaries;B410;4;(-47.08,167.85);;b.410;
boundaries;_boundaries;B411;67;(0.19,101.16);;b.411;
boundaries;_boundaries;B412;43;(-7.22,109.95);;b.412;
boundaries;_boundaries;B413;6;(-8.27,114.96);;b.413;
boundaries;_boundaries;B414;33;(-8.57,119.48);;b.414;
boundaries;_boundaries;B415;4;(-8.29,124.58);;b.415;
boundaries;_boundaries;B416;5;(-7.77,126.15);;b.416;
boundaries;_boundaries;B417;10;(-9.68,119.82);;b.417;
boundaries;_boundaries;B418;18;(-9.22,125.16);;b.418;
boundaries;_boundaries;B419;5;(-7.58,131.35);;b.419;
boundaries;_boundaries;B420;7;(-6.26,134.31);;b.420;
boundaries;_boundaries;B421;11;(-2.16,105.98);;b.421;
boundaries;_boundaries;B422;5;(-2.90,107.90);;b.422;
boundaries;_boundaries;B423;3;(-7.00,113.50);;b.423;
boundaries;_boundaries;B424;72;(1.19,114.55);;b.424;
boundaries;_boundaries;B425;79;(-1.75,121.53);;b.425;
boundaries;_boundaries;B426;19;(0.74,127.94);;b.426;
boundaries;_boundaries;B427;7;(-3.40,126.55);;b.427;
boundaries;_boundaries;B428;13;(-3.21,129.34);;b.428;
boundaries;_boundaries;B429;2;(-1.75,124.88);;b.429;
boundaries;_boundaries;B430;4;(-1.58,127.60);;b.430;
boundaries;_boundaries;B431;5;(-0.20,130.68);;b.431;
boundaries;_boundaries;B432;5;(-0.85,135.73);;b.432;
boundaries;_boundaries;B433;62;(-6.11,138.74);;b.433;
boundaries;_boundaries;B434;60;(-4.74,142.15);;b.434;
boundaries;_boundaries;B435;46;(15.28,121.75);;b.435;
boundaries;_boundaries;B436;14;(9.58,118.44);;b.436;
boundaries;_boundaries;B437;9;(12.97,120.99);;b.437;
boundaries;_boundaries;B438;17;(11.47,124.90);;b.438;
boundaries;_boundaries;B439;28;(10.41,123.10);;b.439;
boundaries;_boundaries;B440;43;(7.55,124.39);;b.440;
boundaries;_boundaries;B441;22;(-5.46,150.40);;b.441;
boundaries;_boundaries;B442;2;(-2.08,146.92);;b.442;
boundaries;_boundaries;B443;11;(-3.59,152.19);;b.443;
boundaries;_boundaries;B444;8;(-6.05,155.19);;b.444;
boundaries;_boundaries;B445;3;(-6.94,156.86);;b.445;
boundaries;_boundaries;B446;2;(-8.25,157.54);;b.446;
boundaries;_boundaries;B447;4;(-7.91,159.08);;b.447;
boundaries;_boundaries;B448;4;(-9.00,161.02);;b.448;
boundaries;_boundaries;B449;8;(-9.57,159.97);;b.449;
boundaries;_boundaries;B450;5;(-10.42,161.72);;b.450;
boundaries;_boundaries;B451;6;(-15.24,166.96);;b.451;
boundaries;_boundaries;B452;4;(-16.19,167.52);;b.452;
boundaries;_boundaries;B453;15;(-21.34,165.62);;b.453;
boundaries;_boundaries;B454;5;(-43.88,-176.58);;b.454;
boundaries;_boundaries;B455;9;(-17.80,177.93);;b.455;
boundaries;_boundaries;B456;8;(-16.56,179.23);;b.456;
boundaries;_boundaries;B457;9;(-13.71,-172.21);;b.457;
boundaries;_boundaries;B458;5;(-17.61,-149.43);;b.458;
boundaries;_boundaries;B459;2;(21.90,-160.17);;b.459;
boundaries;_boundaries;B460;6;(22.05,-159.59);;b.460;
boundaries;_boundaries;B461;5;(21.50,-158.07);;b.461;
boundaries;_boundaries;B462;2;(21.13,-157.01);;b.462;
boundaries;_boundaries;B463;8;(20.81,-156.40);;b.463;
boundaries;_boundaries;B464;15;(19.64,-155.53);;b.464;
boundaries;_boundaries;B465;100;(48.36,-122.55);;b.465;
boundaries;_boundaries;B466;100;(47.43,-122.63);;b.466;
boundaries;_boundaries;B467;100;(47.85,-123.50);;b.467;
boundaries;_boundaries;B468;100;(45.90,-123.93);;b.468;
boundaries;_boundaries;B469;100;(40.70,-123.96);;b.469;
boundaries;_boundaries;B470;100;(37.46,-122.27);;b.470;
boundaries;_boundaries;B471;97;(34.33,-119.42);;b.471;
boundaries;_boundaries;B472;22;(48.60,-122.88);;b.472;
boundaries;_boundaries;B473;8;(48.49,-122.88);;b.473;
boundaries;_boundaries;B474;11;(48.54,-123.12);;b.474;
boundaries;_boundaries;B475;7;(34.04,-120.37);;b.475;
boundaries;_boundaries;B476;18;(33.98,-120.11);;b.476;
boundaries;_boundaries;B477;18;(34.02,-119.75);;b.477;
boundaries;_boundaries;B478;8;(33.25,-119.51);;b.478;
boundaries;_boundaries;B479;14;(33.39,-118.45);;b.479;
boundaries;_boundaries;B480;14;(32.94,-118.53);;b.480;
boundaries;_boundaries;B481;53;(45.79,-121.35);;b.481;
boundaries;_boundaries;B482;82;(34.11,-114.57);;b.482;
boundaries;_boundaries;B483;45;(36.20,-114.44);;b.483;
boundaries;_boundaries;B484;65;(45.04,-116.90);;b.484;
boundaries;_boundaries;B485;18;(39.09,-120.04);;b.485;
boundaries;_boundaries;B486;81;(41.19,-112.54);;b.486;
boundaries;_boundaries;B487;100;(30.32,-104.86);;b.487;
boundaries;_boundaries;B488;100;(29.20,-101.41);;b.488;
boundaries;_boundaries;B489;99;(26.56,-98.63);;b.489;
boundaries;_boundaries;B490;74;(34.08,-98.24);;b.490;
boundaries;_boundaries;B491;81;(33.77,-95.20);;b.491;
boundaries;_boundaries;B492;31;(33.92,-96.72);;b.492;
boundaries;_boundaries;B493;15;(29.83,-93.87);;b.493;
boundaries;_boundaries;B494;56;(31.06,-93.71);;b.494;
boundaries;_boundaries;B495;70;(39.98,-95.24);;b.495;
boundaries;_boundaries;B496;69;(42.22,-96.68);;b.496;
boundaries;_boundaries;B497;25;(43.00,-96.53);;b.497;
boundaries;_boundaries;B498;61;(47.11,-96.87);;b.498;
boundaries;_boundaries;B499;12;(36.26,-90.17);;b.499;
boundaries;_boundaries;B500;9;(40.47,-91.58);;b.500;
boundaries;_boundaries;B501;17;(29.92,-93.33);;b.501;
boundaries;_boundaries;B502;22;(29.90,-92.76);;b.502;
boundaries;_boundaries;B503;14;(29.75,-92.50);;b.503;
boundaries;_boundaries;B504;18;(30.26,-90.51);;b.504;
boundaries;_boundaries;B505;30;(30.19,-90.07);USA:LA/Lake Pon.;b.505;
boundaries;_boundaries;B506;78;(27.04,-97.44);;b.506;
boundaries;_boundaries;B507;76;(28.38,-96.68);;b.507;
boundaries;_boundaries;B508;73;(29.32,-95.05);;b.508;
boundaries;_boundaries;B509;73;(29.66,-92.40);;b.509;
boundaries;_boundaries;B510;71;(29.25,-90.74);;b.510;
boundaries;_boundaries;B511;84;(29.24,-89.63);;b.511;
boundaries;_boundaries;B512;84;(29.52,-89.47);;b.512;
boundaries;_boundaries;B513;84;(29.91,-89.48);;b.513;
boundaries;_boundaries;B514;83;(30.38,-88.36);;b.514;
boundaries;_boundaries;B515;20;(30.45,-87.15);;b.515;
boundaries;_boundaries;B516;75;(30.27,-85.99);;b.516;
boundaries;_boundaries;B517;7;(29.84,-85.37);;b.517;
boundaries;_boundaries;B518;15;(29.70,-85.11);;b.518;
boundaries;_boundaries;B519;20;(29.78,-84.82);;b.519;
boundaries;_boundaries;B520;62;(29.32,-83.38);;b.520;
boundaries;_boundaries;B521;8;(27.79,-82.79);;b.521;
boundaries;_boundaries;B522;48;(27.81,-82.59);;b.522;
boundaries;_boundaries;B523;28;(26.93,-82.37);;b.523;
boundaries;_boundaries;B524;53;(26.51,-81.96);;b.524;
boundaries;_boundaries;B525;52;(25.36,-80.70);;b.525;
boundaries;_boundaries;B526;35;(27.41,-80.35);;b.526;
boundaries;_boundaries;B527;10;(28.47,-80.71);;b.527;
boundaries;_boundaries;B528;12;(28.46,-80.63);;b.528;
boundaries;_boundaries;B529;8;(28.80,-80.77);;b.529;
boundaries;_boundaries;B530;99;(30.08,-81.10);USA:FL,GA/ATL;b.530;
boundaries;_boundaries;B531;99;(32.42,-80.42);USA:GA,SC/ATL;b.531;
boundaries;_boundaries;B532;99;(34.17,-77.86);USA:SC,NC/ATL;b.532;
boundaries;_boundaries;B533;99;(35.12,-76.65);USA:NC/ATL;b.533;
boundaries;_boundaries;B534;99;(35.67,-76.12);;b.534;
boundaries;_boundaries;B535;98;(36.26,-76.19);;b.535;
boundaries;_boundaries;B536;98;(36.91,-76.35);;b.536;
boundaries;_boundaries;B537;98;(37.60,-76.48);;b.537;
boundaries;_boundaries;B538;98;(38.29,-76.89);;b.538;
boundaries;_boundaries;B539;98;(38.63,-76.51);;b.539;
boundaries;_boundaries;B540;98;(39.26,-76.22);;b.540;
boundaries;_boundaries;B541;98;(38.59,-76.18);;b.541;
boundaries;_boundaries;B542;95;(37.78,-75.87);;b.542;
boundaries;_boundaries;B543;4;(37.19,-75.84);;b.543;
boundaries;_boundaries;B544;7;(37.32,-75.88);;b.544;
boundaries;_boundaries;B545;21;(37.32,-75.83);;b.545;
boundaries;_boundaries;B546;39;(38.06,-75.32);;b.546;
boundaries;_boundaries;B547;85;(39.14,-75.14);;b.547;
boundaries;_boundaries;B548;42;(39.66,-74.26);;b.548;
boundaries;_boundaries;B549;11;(39.43,-74.37);;b.549;
boundaries;_boundaries;B550;7;(40.24,-74.01);;b.550;
boundaries;_boundaries;B551;36;(40.62,-74.03);;b.551;
boundaries;_boundaries;B552;5;(40.61,-73.48);;b.552;
boundaries;_boundaries;B553;34;(40.72,-73.12);;b.553;
boundaries;_boundaries;B554;46;(40.95,-72.39);;b.554;
boundaries;_boundaries;B555;7;(41.06,-72.34);;b.555;
boundaries;_boundaries;B556;90;(41.03,-73.17);;b.556;
boundaries;_boundaries;B557;88;(41.57,-71.26);;b.557;
boundaries;_boundaries;B558;23;(41.59,-70.39);;b.558;
boundaries;_boundaries;B559;9;(41.69,-69.96);;b.559;
boundaries;_boundaries;B560;18;(41.95,-70.07);;b.560;
boundaries;_boundaries;B561;26;(41.86,-70.40);;b.561;
boundaries;_boundaries;B562;7;(42.19,-70.75);;b.562;
boundaries;_boundaries;B563;10;(42.28,-70.93);;b.563;
boundaries;_boundaries;B564;11;(42.36,-71.01);;b.564;
boundaries;_boundaries;B565;89;(43.35,-70.28);;b.565;
boundaries;_boundaries;B566;89;(44.27,-68.81);;b.566;
boundaries;_boundaries;B567;87;(44.56,-67.72);;b.567;
boundaries;_boundaries;B568;64;(27.60,-97.06);;b.568;
boundaries;_boundaries;B569;11;(29.24,-94.92);;b.569;
boundaries;_boundaries;B570;2;(29.06,-90.95);;b.570;
boundaries;_boundaries;B571;8;(29.05,-90.76);;b.571;
boundaries;_boundaries;B572;5;(29.05,-90.45);;b.572;
boundaries;_boundaries;B573;5;(29.31,-89.90);;b.573;
boundaries;_boundaries;B574;6;(29.53,-89.60);;b.574;
boundaries;_boundaries;B575;7;(29.93,-89.27);;b.575;
boundaries;_boundaries;B576;4;(29.95,-89.31);;b.576;
boundaries;_boundaries;B577;4;(29.96,-89.25);;b.577;
boundaries;_boundaries;B578;4;(29.98,-89.26);;b.578;
boundaries;_boundaries;B579;18;(30.07,-89.26);;b.579;
boundaries;_boundaries;B580;7;(29.86,-88.87);;b.580;
boundaries;_boundaries;B581;5;(30.22,-89.10);;b.581;
boundaries;_boundaries;B582;3;(30.22,-88.93);;b.582;
boundaries;_boundaries;B583;5;(30.23,-88.65);;b.583;
boundaries;_boundaries;B584;3;(30.21,-88.45);;b.584;
boundaries;_boundaries;B585;4;(30.25,-88.20);;b.585;
boundaries;_boundaries;B586;9;(30.36,-86.96);;b.586;
boundaries;_boundaries;B587;30;(24.62,-81.60);;b.587;
boundaries;_boundaries;B588;19;(24.68,-81.38);;b.588;
boundaries;_boundaries;B589;3;(24.64,-81.32);;b.589;
boundaries;_boundaries;B590;3;(24.74,-81.01);;b.590;
boundaries;_boundaries;B591;13;(25.15,-80.44);;b.591;
boundaries;_boundaries;B592;8;(25.07,-80.53);;b.592;
boundaries;_boundaries;B593;3;(25.16,-80.42);;b.593;
boundaries;_boundaries;B594;9;(25.27,-80.34);;b.594;
boundaries;_boundaries;B595;6;(33.88,-77.99);;b.595;
boundaries;_boundaries;B596;7;(34.67,-76.82);;b.596;
boundaries;_boundaries;B597;7;(34.83,-76.32);;b.597;
boundaries;_boundaries;B598;6;(35.12,-75.92);;b.598;
boundaries;_boundaries;B599;16;(35.37,-75.55);;b.599;
boundaries;_boundaries;B600;8;(35.89,-75.67);;b.600;
boundaries;_boundaries;B601;4;(38.29,-76.19);;b.601;
boundaries;_boundaries;B602;3;(38.29,-76.19);;b.602;
boundaries;_boundaries;B603;5;(38.19,-76.05);;b.603;
boundaries;_boundaries;B604;7;(38.10,-76.03);;b.604;
boundaries;_boundaries;B605;11;(37.99,-76.02);;b.605;
boundaries;_boundaries;B606;11;(38.03,-75.27);;b.606;
boundaries;_boundaries;B607;10;(38.06,-75.24);;b.607;
boundaries;_boundaries;B608;5;(41.26,-72.00);;b.608;
boundaries;_boundaries;B609;8;(41.18,-71.58);;b.609;
boundaries;_boundaries;B610;7;(41.50,-71.39);;b.610;
boundaries;_boundaries;B611;5;(41.61,-71.33);;b.611;
boundaries;_boundaries;B612;14;(41.39,-70.64);;b.612;
boundaries;_boundaries;B613;9;(41.28,-70.10);;b.613;
boundaries;_boundaries;B614;16;(44.10,-68.86);;b.614;
boundaries;_boundaries;B615;10;(44.31,-68.91);;b.615;
boundaries;_boundaries;B616;8;(44.05,-68.63);;b.616;
boundaries;_boundaries;B617;8;(44.16,-68.44);;b.617;
boundaries;_boundaries;B618;5;(44.49,-67.59);;b.618;
boundaries;_boundaries;B619;4;(44.50,-67.54);;b.619;
boundaries;_boundaries;B620;85;(32.46,-91.22);;b.620;
boundaries;_boundaries;B621;85;(35.51,-90.00);;b.621;
boundaries;_boundaries;B622;85;(38.31,-90.16);;b.622;
boundaries;_boundaries;B623;84;(42.48,-91.16);;b.623;
boundaries;_boundaries;B624;20;(30.56,-89.72);;b.624;
boundaries;_boundaries;B625;14;(30.71,-87.50);;b.625;
boundaries;_boundaries;B626;24;(30.65,-81.95);;b.626;
boundaries;_boundaries;B627;54;(31.79,-85.02);;b.627;
boundaries;_boundaries;B628;46;(32.87,-81.54);;b.628;
boundaries;_boundaries;B629;35;(34.48,-82.97);;b.629;
boundaries;_boundaries;B630;22;(33.72,-82.32);;b.630;
boundaries;_boundaries;B631;82;(37.70,-87.65);;b.631;
boundaries;_boundaries;B632;82;(38.62,-84.79);;b.632;
boundaries;_boundaries;B633;81;(39.34,-81.54);;b.633;
boundaries;_boundaries;B634;48;(38.47,-87.79);;b.634;
boundaries;_boundaries;B635;23;(37.94,-82.40);;b.635;
boundaries;_boundaries;B636;75;(39.37,-78.09);;b.636;
boundaries;_boundaries;B637;78;(40.95,-75.04);;b.637;
boundaries;_boundaries;B638;9;(40.59,-74.19);;b.638;
boundaries;_boundaries;B639;5;(40.68,-74.14);;b.639;
boundaries;_boundaries;B640;4;(40.89,-73.94);;b.640;
boundaries;_boundaries;B641;3;(40.75,-73.96);;b.641;
boundaries;_boundaries;B642;25;(26.92,-80.85);;b.642;
boundaries;_boundaries;B643;99;(49.19,-94.62);;b.643;
boundaries;_boundaries;B644;97;(49.55,-94.67);;b.644;
boundaries;_boundaries;B645;18;(48.64,-94.03);;b.645;
boundaries;_boundaries;B646;44;(48.17,-91.25);;b.646;
boundaries;_boundaries;B647;99;(48.60,-92.99);;b.647;
boundaries;_boundaries;B648;38;(46.78,-91.18);;b.648;
boundaries;_boundaries;B649;87;(47.01,-88.81);;b.649;
boundaries;_boundaries;B650;87;(46.61,-86.00);;b.650;
boundaries;_boundaries;B651;87;(47.62,-85.17);;b.651;
boundaries;_boundaries;B652;87;(48.77,-87.79);;b.652;
boundaries;_boundaries;B653;85;(48.08,-89.59);;b.653;
boundaries;_boundaries;B654;11;(46.80,-90.71);;b.654;
boundaries;_boundaries;B655;6;(46.94,-90.74);;b.655;
boundaries;_boundaries;B656;8;(46.94,-90.60);;b.656;
boundaries;_boundaries;B657;6;(47.03,-90.45);;b.657;
boundaries;_boundaries;B658;22;(47.99,-88.87);;b.658;
boundaries;_boundaries;B659;7;(48.23,-89.12);;b.659;
boundaries;_boundaries;B660;11;(46.50,-86.66);;b.660;
boundaries;_boundaries;B661;12;(47.74,-85.78);;b.661;
boundaries;_boundaries;B662;15;(46.44,-84.21);;b.662;
boundaries;_boundaries;B663;5;(46.45,-84.11);;b.663;
boundaries;_boundaries;B664;4;(46.49,-84.41);;b.664;
boundaries;_boundaries;B665;94;(45.67,-86.56);USA:MI,WI/Lake Mich.;b.665;
boundaries;_boundaries;B666;98;(44.47,-87.48);USA:WI/Lake Mich.;b.666;
boundaries;_boundaries;B667;98;(43.40,-86.60);USA:WI,IL,IN,MI/Lake Mich.;b.667;
boundaries;_boundaries;B668;98;(45.20,-84.60);;b.668;
boundaries;_boundaries;B669;98;(43.81,-82.86);;b.669;
boundaries;_boundaries;B670;98;(44.86,-80.93);;b.670;
boundaries;_boundaries;B671;98;(45.40,-80.37);;b.671;
boundaries;_boundaries;B672;98;(45.82,-82.15);;b.672;
boundaries;_boundaries;B673;98;(46.05,-82.75);;b.673;
boundaries;_boundaries;B674;89;(46.03,-84.08);;b.674;
boundaries;_boundaries;B675;10;(45.37,-86.91);;b.675;
boundaries;_boundaries;B676;7;(45.10,-86.02);;b.676;
boundaries;_boundaries;B677;12;(45.67,-85.55);;b.677;
boundaries;_boundaries;B678;10;(45.78,-84.47);;b.678;
boundaries;_boundaries;B679;13;(45.92,-83.39);;b.679;
boundaries;_boundaries;B680;8;(45.49,-81.78);;b.680;
boundaries;_boundaries;B681;9;(44.83,-80.21);;b.681;
boundaries;_boundaries;B682;12;(42.76,-82.51);;b.682;
boundaries;_boundaries;B683;43;(42.49,-82.67);;b.683;
boundaries;_boundaries;B684;5;(42.24,-83.09);;b.684;
boundaries;_boundaries;B685;14;(41.95,-83.28);;b.685;
boundaries;_boundaries;B686;44;(41.56,-83.01);;b.686;
boundaries;_boundaries;B687;66;(42.24,-80.28);;b.687;
boundaries;_boundaries;B688;65;(42.47,-81.18);;b.688;
boundaries;_boundaries;B689;13;(43.07,-79.01);;b.689;
boundaries;_boundaries;B690;60;(43.49,-77.49);;b.690;
boundaries;_boundaries;B691;59;(44.12,-76.65);;b.691;
boundaries;_boundaries;B692;36;(43.81,-78.64);;b.692;
boundaries;_boundaries;B693;9;(44.15,-76.72);;b.693;
boundaries;_boundaries;B694;18;(44.17,-76.38);;b.694;
boundaries;_boundaries;B695;6;(44.27,-76.12);;b.695;
boundaries;_boundaries;B696;9;(44.86,-75.18);;b.696;
boundaries;_boundaries;B697;7;(46.33,-70.17);;b.697;
boundaries;_boundaries;B698;23;(47.28,-68.50);;b.698;
boundaries;_boundaries;B699;26;(45.45,-67.48);;b.699;
boundaries;_boundaries;B700;29;(45.53,-92.69);;b.700;
boundaries;_boundaries;B701;38;(45.66,-88.03);;b.701;
boundaries;_boundaries;B702;8;(46.49,-90.28);;b.702;
boundaries;_boundaries;B703;54;(44.38,-73.27);;b.703;
boundaries;_boundaries;B704;53;(44.62,-73.36);;b.704;
boundaries;_boundaries;B705;5;(44.87,-73.35);;b.705;
boundaries;_boundaries;B706;47;(43.88,-72.03);USA-VT/NH;b.706;
boundaries;_boundaries;B707;12;(43.33,-70.90);;b.707;
boundaries;_boundaries;B708;71;(24.76,-78.09);;b.708;
boundaries;_boundaries;B709;10;(24.23,-77.95);;b.709;
boundaries;_boundaries;B710;12;(24.20,-77.91);;b.710;
boundaries;_boundaries;B711;7;(24.34,-77.74);;b.711;
boundaries;_boundaries;B712;45;(24.01,-77.72);;b.712;
boundaries;_boundaries;B713;17;(25.03,-77.43);;b.713;
boundaries;_boundaries;B714;53;(26.63,-78.48);;b.714;
boundaries;_boundaries;B715;6;(26.59,-77.87);;b.715;
boundaries;_boundaries;B716;4;(26.57,-77.83);;b.716;
boundaries;_boundaries;B717;7;(26.31,-77.58);;b.717;
boundaries;_boundaries;B718;87;(26.49,-77.32);;b.718;
boundaries;_boundaries;B719;19;(25.49,-76.68);;b.719;
boundaries;_boundaries;B720;54;(25.05,-76.27);;b.720;
boundaries;_boundaries;B721;43;(24.38,-75.50);;b.721;
boundaries;_boundaries;B722;4;(32.65,-115.71);;b.722;
boundaries;_boundaries;B723;13;(31.70,-110.22);;b.723;
boundaries;_boundaries;B724;30;(49.00,-108.65);;b.724;
boundaries;_boundaries;B725;3;(49.32,-95.14);;b.725;
boundaries;_boundaries;B726;5;(45.01,-73.05);;b.726;
boundaries;_boundaries;B727;42;(45.62,-70.68);;b.727;
boundaries;_boundaries;B728;3;(46.85,-69.76);;b.728;
boundaries;_boundaries;B729;2;(46.51,-67.78);;b.729;
boundaries;_boundaries;B730;16;(42.00,-117.51);;b.730;
boundaries;_boundaries;B731;3;(46.00,-117.99);;b.731;
boundaries;_boundaries;B732;7;(36.87,-117.08);;b.732;
boundaries;_boundaries;B733;4;(40.56,-120.00);;b.733;
boundaries;_boundaries;B734;7;(39.02,-114.05);;b.734;
boundaries;_boundaries;B735;3;(42.94,-117.03);;b.735;
boundaries;_boundaries;B736;4;(47.60,-117.03);;b.736;
boundaries;_boundaries;B737;21;(37.00,-104.03);;b.737;
boundaries;_boundaries;B738;10;(41.00,-106.51);;b.738;
boundaries;_boundaries;B739;75;(44.88,-112.81);;b.739;
boundaries;_boundaries;B740;73;(46.76,-114.95);;b.740;
boundaries;_boundaries;B741;5;(43.00,-111.05);;b.741;
boundaries;_boundaries;B742;8;(45.00,-107.51);;b.742;
boundaries;_boundaries;B743;11;(36.03,-109.05);;b.743;
boundaries;_boundaries;B744;16;(34.35,-102.68);;b.744;
boundaries;_boundaries;B745;2;(36.75,-103.00);;b.745;
boundaries;_boundaries;B746;5;(39.00,-102.05);;b.746;
boundaries;_boundaries;B747;5;(43.00,-104.05);;b.747;
boundaries;_boundaries;B748;5;(47.00,-104.03);;b.748;
boundaries;_boundaries;B749;8;(40.00,-98.55);;b.749;
boundaries;_boundaries;B750;7;(43.00,-101.08);;b.750;
boundaries;_boundaries;B751;9;(45.93,-100.07);;b.751;
boundaries;_boundaries;B752;3;(32.86,-94.05);;b.752;
boundaries;_boundaries;B753;9;(36.07,-94.54);;b.753;
boundaries;_boundaries;B754;4;(44.45,-96.45);;b.754;
boundaries;_boundaries;B755;4;(33.01,-92.55);;b.755;
boundaries;_boundaries;B756;6;(36.50,-92.46);;b.756;
boundaries;_boundaries;B757;2;(36.00,-90.04);;b.757;
boundaries;_boundaries;B758;5;(40.59,-93.90);;b.758;
boundaries;_boundaries;B759;7;(43.50,-93.98);;b.759;
boundaries;_boundaries;B760;4;(31.00,-90.60);;b.760;
boundaries;_boundaries;B761;5;(31.00,-86.46);;b.761;
boundaries;_boundaries;B762;4;(30.64,-83.52);;b.762;
boundaries;_boundaries;B763;8;(33.14,-88.29);;b.763;
boundaries;_boundaries;B764;3;(33.99,-85.41);;b.764;
boundaries;_boundaries;B765;3;(35.00,-89.17);;b.765;
boundaries;_boundaries;B766;6;(34.99,-85.55);;b.766;
boundaries;_boundaries;B767;18;(35.00,-81.57);;b.767;
boundaries;_boundaries;B768;28;(36.59,-83.60);;b.768;
boundaries;_boundaries;B769;49;(35.86,-82.91);;b.769;
boundaries;_boundaries;B770;99;(37.89,-80.57);;b.770;
boundaries;_boundaries;B771;2;(39.46,-79.48);;b.771;
boundaries;_boundaries;B772;3;(37.99,-75.54);;b.772;
boundaries;_boundaries;B773;16;(39.77,-76.68);;b.773;
boundaries;_boundaries;B774;4;(38.90,-75.57);;b.774;
boundaries;_boundaries;B775;2;(41.17,-74.30);;b.775;
boundaries;_boundaries;B776;5;(46.57,-92.21);;b.776;
boundaries;_boundaries;B777;5;(42.50,-89.09);;b.777;
boundaries;_boundaries;B778;3;(46.18,-89.35);;b.778;
boundaries;_boundaries;B779;3;(40.44,-87.53);;b.779;
boundaries;_boundaries;B780;4;(41.77,-85.66);;b.780;
boundaries;_boundaries;B781;4;(40.47,-84.82);;b.781;
boundaries;_boundaries;B782;3;(41.72,-84.10);;b.782;
boundaries;_boundaries;B783;4;(40.68,-80.52);;b.783;
boundaries;_boundaries;B784;7;(42.03,-77.90);;b.784;
boundaries;_boundaries;B785;9;(41.98,-73.47);;b.785;
boundaries;_boundaries;B786;14;(41.88,-71.90);;b.786;
boundaries;_boundaries;B787;11;(42.79,-71.38);;b.787;
boundaries;_boundaries;B788;5;(41.50,-71.84);;b.788;
boundaries;_boundaries;B789;4;(44.47,-71.03);;b.789;
boundaries;_boundaries;B790;45;(53.57,-116.35);;b.790;
boundaries;_boundaries;B791;54;(50.73,-125.77);;b.791;
boundaries;_boundaries;B792;82;(56.28,-60.26);;b.792;
boundaries;_boundaries;B793;41;(58.52,-94.80);;b.793;
boundaries;_boundaries;B794;148;(46.81,-65.45);;b.794;
boundaries;_boundaries;B795;169;(48.52,-55.08);;b.795;
boundaries;_boundaries;B796;214;(45.46,-62.81);;b.796;
boundaries;_boundaries;B797;12;(62.83,-91.13);;b.797;
boundaries;_boundaries;B798;54;(50.73,-125.77);;b.798;
boundaries;_boundaries;B799;94;(52.23,-83.74);;b.799;
boundaries;_boundaries;B800;81;(46.42,-63.25);;b.800;
boundaries;_boundaries;B801;125;(18.25,-66.42);;b.801;
boundaries;_boundaries;B802;211;(53.43,-67.58);;b.802;
boundaries;_boundaries;B803;33;(53.16,-131.99);;b.803;
boundaries;_boundaries;B804;10;(58.90,-106.40);;b.804;
boundaries;_boundaries;B805;29;(49.36,-125.22);;b.805;
boundaries;_boundaries;B806;51;(62.76,-130.86);;b.806;
boundaries;_boundaries;B807;11;(65.91,-112.69);;b.807;
boundaries;_boundaries;B808;7;(70.30,-112.93);;b.808;
boundaries;_boundaries;B809;37;(52.37,-2.96);;b.809;
boundaries;_boundaries;B810;11;(55.31,-2.62);;b.810;
boundaries;_boundaries;B811;4;(38.90,-77.03);;b.811;
boundaries;_boundaries;B812;328;(21.49,-157.91);;b.812;
boundaries;_boundaries;B813;4;(28.00,-113.49);;b.813;
boundaries;_boundaries;B814;12;(32.09,-114.95);;b.814;
boundaries;_boundaries;B815;11;(26.66,-108.73);;b.815;
boundaries;_boundaries;B816;32;(28.94,-108.73);;b.816;
boundaries;_boundaries;B817;49;(26.31,-105.85);;b.817;
boundaries;_boundaries;B818;9;(27.78,-103.70);;b.818;
boundaries;_boundaries;B819;24;(25.61,-103.28);;b.819;
boundaries;_boundaries;B820;15;(24.86,-101.71);;b.820;
boundaries;_boundaries;B821;34;(26.13,-100.61);;b.821;
boundaries;_boundaries;B822;2;(24.51,-100.77);;b.822;
boundaries;_boundaries;B823;14;(23.78,-100.49);;b.823;
boundaries;_boundaries;B824;37;(25.32,-99.36);;b.824;
boundaries;_boundaries;B825;20;(22.71,-99.56);;b.825;
boundaries;_boundaries;B826;7;(22.35,-98.20);;b.826;
boundaries;_boundaries;B827;12;(26.54,-107.92);;b.827;
boundaries;_boundaries;B828;19;(24.14,-106.25);;b.828;
boundaries;_boundaries;B829;14;(22.69,-105.54);;b.829;
boundaries;_boundaries;B830;12;(22.70,-104.92);;b.830;
boundaries;_boundaries;B831;17;(23.72,-103.66);;b.831;
boundaries;_boundaries;B832;2;(22.39,-104.31);;b.832;
boundaries;_boundaries;B833;47;(21.99,-103.59);;b.833;
boundaries;_boundaries;B834;9;(22.15,-102.35);;b.834;
boundaries;_boundaries;B835;3;(21.92,-101.67);;b.835;
boundaries;_boundaries;B836;2;(21.80,-101.50);;b.836;
boundaries;_boundaries;B837;14;(23.27,-101.60);;b.837;
boundaries;_boundaries;B838;2;(24.51,-100.77);;b.838;
boundaries;_boundaries;B839;11;(21.65,-100.66);;b.839;
boundaries;_boundaries;B840;11;(21.50,-99.39);;b.840;
boundaries;_boundaries;B841;8;(21.81,-98.54);;b.841;
boundaries;_boundaries;B842;8;(21.26,-98.79);;b.842;
boundaries;_boundaries;B843;23;(21.23,-104.42);;b.843;
boundaries;_boundaries;B844;9;(19.28,-103.93);;b.844;
boundaries;_boundaries;B845;25;(19.79,-102.82);;b.845;
boundaries;_boundaries;B846;7;(21.84,-102.19);;b.846;
boundaries;_boundaries;B847;12;(21.15,-101.79);;b.847;
boundaries;_boundaries;B848;29;(20.14,-101.15);;b.848;
boundaries;_boundaries;B849;12;(20.87,-100.20);;b.849;
boundaries;_boundaries;B850;6;(20.15,-100.22);;b.850;
boundaries;_boundaries;B851;8;(20.18,-99.96);;b.851;
boundaries;_boundaries;B852;7;(20.82,-99.46);;b.852;
boundaries;_boundaries;B853;34;(19.92,-99.12);;b.853;
boundaries;_boundaries;B854;6;(19.65,-98.45);;b.854;
boundaries;_boundaries;B855;13;(20.16,-98.18);;b.855;
boundaries;_boundaries;B856;28;(20.80,-98.35);;b.856;
boundaries;_boundaries;B857;19;(18.50,-101.19);;b.857;
boundaries;_boundaries;B858;5;(18.82,-103.64);;b.858;
boundaries;_boundaries;B859;14;(19.58,-100.25);;b.859;
boundaries;_boundaries;B860;15;(18.66,-100.00);;b.860;
boundaries;_boundaries;B861;5;(18.95,-99.36);;b.861;
boundaries;_boundaries;B862;26;(19.39,-99.10);;b.862;
boundaries;_boundaries;B863;5;(19.01,-98.82);;b.863;
boundaries;_boundaries;B864;3;(19.25,-98.64);;b.864;
boundaries;_boundaries;B865;3;(19.54,-98.68);;b.865;
boundaries;_boundaries;B866;16;(16.93,-98.30);;b.866;
boundaries;_boundaries;B867;10;(18.08,-98.79);;b.867;
boundaries;_boundaries;B868;11;(18.49,-99.31);;b.868;
boundaries;_boundaries;B869;5;(19.09,-99.11);;b.869;
boundaries;_boundaries;B870;6;(18.59,-98.81);;b.870;
boundaries;_boundaries;B871;32;(18.06,-97.72);;b.871;
boundaries;_boundaries;B872;43;(19.62,-97.38);;b.872;
boundaries;_boundaries;B873;32;(17.84,-95.64);;b.873;
boundaries;_boundaries;B874;25;(19.42,-98.13);;b.874;
boundaries;_boundaries;B875;12;(16.61,-94.03);;b.875;
boundaries;_boundaries;B876;2;(17.23,-93.74);;b.876;
boundaries;_boundaries;B877;9;(17.74,-93.87);;b.877;
boundaries;_boundaries;B878;35;(17.61,-92.55);;b.878;
boundaries;_boundaries;B879;16;(18.16,-91.78);;b.879;
boundaries;_boundaries;B880;7;(18.72,-89.17);MEX:CAM/QROO;b.880;
boundaries;_boundaries;B881;13;(20.33,-89.96);MEX:YUC/CAM;b.881;
boundaries;_boundaries;B882;32;(20.38,-88.20);MEX:QROO/YUC;b.882;
boundaries;_boundaries;B883;16;(14.62,-61.01);MTQ/ATL;b.883;
